{"name":"9869afda-32d8-4798-b816-93f346687503","id":"/providers/Microsoft.Flow/flows/9869afda-32d8-4798-b816-93f346687503","type":"Microsoft.Flow/flows","properties":{"apiId":"/providers/Microsoft.PowerApps/apis/shared_logicflows","displayName":"Order Summary","definition":{"metadata":{"workflowEntityId":null,"processAdvisorMetadata":null,"flowChargedByPaygo":null,"flowclientsuspensionreason":"None","flowclientsuspensiontime":null,"flowclientsuspensionreasondetails":null,"creator":{"id":"58a5ea6e-ab45-4b65-a622-800ff28d4ac1","type":"User","tenantId":"9513daef-5a88-464c-8201-8e2e745ca3d9"},"provisioningMethod":"FromDefinition","failureAlertSubscription":true,"clientLastModifiedTime":"2024-07-02T14:06:07.2441053Z","connectionKeySavedTimeKey":"2024-07-02T14:06:07.2441053Z"},"$schema":"https://schema.management.azure.com/providers/Microsoft.Logic/schemas/2016-06-01/workflowdefinition.json#","contentVersion":"undefined","parameters":{"$connections":{"defaultValue":{},"type":"Object"},"$authentication":{"defaultValue":{},"type":"SecureObject"}},"triggers":{"Recurrence":{"recurrence":{"frequency":"Week","interval":1,"startTime":"2024-07-02T09:00:00.000Z","schedule":{"weekDays":["Monday"]}},"metadata":{"operationMetadataId":"91bc69e5-5e92-4e55-b857-56257187f0f0"},"type":"Recurrence"}},"actions":{"Get_items":{"runAfter":{},"metadata":{"operationMetadataId":"091c545b-9521-4402-8d03-6af82a93aea4"},"type":"OpenApiConnection","inputs":{"host":{"apiId":"/providers/Microsoft.PowerApps/apis/shared_sharepointonline","connectionName":"shared_sharepointonline","operationId":"GetItems"},"parameters":{"dataset":"https://vikadevwmreply.sharepoint.com/sites/PPDevTask_7","table":"f06bbbd5-0fc9-457a-b6ab-65d0ea8f335c","$filter":"Isapproved eq false"},"authentication":"@parameters('$authentication')"}},"Initialize_variable":{"runAfter":{"Get_items":["Succeeded"]},"metadata":{"operationMetadataId":"0c0b36d7-8d72-412b-8340-770d025e35aa"},"type":"InitializeVariable","inputs":{"variables":[{"name":"HTML","type":"string","value":"<table border=\"1\" style=\"width:100%\">\n<tr>\n<th>Order Link</th>\n<th>Creation Date</th>\n<th>Creator</th>\n</tr>"}]}},"Apply_to_each":{"foreach":"@outputs('Get_items')?['body/value']","actions":{"Append_to_string_variable":{"runAfter":{},"metadata":{"operationMetadataId":"3ccbddfe-47f6-4f5f-8ce9-59fa00210dd2"},"type":"AppendToStringVariable","inputs":{"name":"HTML","value":"<tr><td><a href=\"@{items('Apply_to_each')?['{Link}']}\">Click here to see the order @{items('Apply_to_each')?['ID']}</a></td> </td> <td>@{items('Apply_to_each')?['Created']}</td> <td>@{items('Apply_to_each')?['Author/Email']}</td> </tr>"}}},"runAfter":{"Initialize_variable":["Succeeded"]},"metadata":{"operationMetadataId":"fc9e41a1-e32d-42f6-bf5c-12123d7c59e5"},"type":"Foreach"},"Append_to_string_variable_2":{"runAfter":{"Apply_to_each":["Succeeded"]},"metadata":{"operationMetadataId":"3d6ec2c3-8d67-4625-b6de-d93134918d85"},"type":"AppendToStringVariable","inputs":{"name":"HTML","value":"</table>"}},"Send_an_email_(V2)":{"runAfter":{"Append_to_string_variable_2":["Succeeded"]},"metadata":{"operationMetadataId":"49c1e9df-f0c1-4400-a612-ed1fef95bcfe"},"type":"OpenApiConnection","inputs":{"host":{"apiId":"/providers/Microsoft.PowerApps/apis/shared_office365","connectionName":"shared_office365_1","operationId":"SendEmailV2"},"parameters":{"emailMessage/To":"a.ibraheem@vikadevwmreply.onmicrosoft.com","emailMessage/Subject":"HTML Test","emailMessage/Body":"<p>@{variables('HTML')}</p>","emailMessage/From":"a.ibraheem@vikadevwmreply.onmicrosoft.com","emailMessage/Importance":"Normal"},"authentication":"@parameters('$authentication')"}}}},"connectionReferences":{"shared_sharepointonline":{"connectionName":"shared-sharepointonl-458549a5-e4bb-457b-8969-5e49528fab0f","source":"Embedded","id":"/providers/Microsoft.PowerApps/apis/shared_sharepointonline","tier":"NotSpecified"},"shared_office365_1":{"connectionName":"shared-office365-a8f6ff20-7eb8-45d7-9eb5-eda03f4b0bbe","source":"Embedded","id":"/providers/Microsoft.PowerApps/apis/shared_office365","tier":"NotSpecified"}},"flowFailureAlertSubscribed":false,"isManaged":false}}