{"name":"7c214d53-d6bb-4691-ad3d-b01548f82dbe","id":"/providers/Microsoft.Flow/flows/7c214d53-d6bb-4691-ad3d-b01548f82dbe","type":"Microsoft.Flow/flows","properties":{"apiId":"/providers/Microsoft.PowerApps/apis/shared_logicflows","displayName":"Order Approval","definition":{"metadata":{"workflowEntityId":null,"processAdvisorMetadata":null,"flowChargedByPaygo":null,"flowclientsuspensionreason":"None","flowclientsuspensiontime":null,"flowclientsuspensionreasondetails":"","creator":{"id":"58a5ea6e-ab45-4b65-a622-800ff28d4ac1","type":"User","tenantId":"9513daef-5a88-464c-8201-8e2e745ca3d9"},"provisioningMethod":"FromDefinition","failureAlertSubscription":true,"clientLastModifiedTime":"2024-07-02T15:51:55.3998922Z","connectionKeySavedTimeKey":"2024-07-02T15:41:51.3871127Z"},"$schema":"https://schema.management.azure.com/providers/Microsoft.Logic/schemas/2016-06-01/workflowdefinition.json#","contentVersion":"1.0.0.0","parameters":{"$connections":{"defaultValue":{},"type":"Object"},"$authentication":{"defaultValue":{},"type":"SecureObject"}},"triggers":{"When_an_item_is_created":{"recurrence":{"frequency":"Minute","interval":1},"splitOn":"@triggerOutputs()?['body/value']","metadata":{"operationMetadataId":"5f4eece3-d8b1-4467-ae81-90002f6bd0e5"},"type":"OpenApiConnection","inputs":{"host":{"apiId":"/providers/Microsoft.PowerApps/apis/shared_sharepointonline","connectionName":"shared_sharepointonline","operationId":"GetOnNewItems"},"parameters":{"dataset":"https://vikadevwmreply.sharepoint.com/sites/PPDevTask_7","table":"f06bbbd5-0fc9-457a-b6ab-65d0ea8f335c"},"authentication":"@parameters('$authentication')"}}},"actions":{"Get_items":{"runAfter":{},"metadata":{"operationMetadataId":"91b176a4-8c4b-419a-a6a0-0505788ea6c8"},"type":"OpenApiConnection","inputs":{"host":{"apiId":"/providers/Microsoft.PowerApps/apis/shared_sharepointonline","connectionName":"shared_sharepointonline","operationId":"GetItems"},"parameters":{"dataset":"https://vikadevwmreply.sharepoint.com/sites/PPDevTask_7","table":"7d4f10d1-7bb3-4569-8301-989eeb71508a"},"authentication":"@parameters('$authentication')"}},"Apply_to_each":{"foreach":"@outputs('Get_items')?['body/value']","actions":{"Condition":{"actions":{"Condition_2":{"actions":{},"runAfter":{},"else":{"actions":{"Start_and_wait_for_an_approval":{"runAfter":{},"metadata":{"operationMetadataId":"17682eb9-3967-4162-ad0a-a4d28278c645"},"type":"OpenApiConnectionWebhook","inputs":{"host":{"apiId":"/providers/Microsoft.PowerApps/apis/shared_approvals","connectionName":"shared_approvals","operationId":"StartAndWaitForAnApproval"},"parameters":{"approvalType":"CustomResponse","WebhookApprovalCreationInput/responseOptions":["yes","no"],"WebhookApprovalCreationInput/title":"@items('Apply_to_each')?['ID']","WebhookApprovalCreationInput/assignedTo":"@{items('Apply_to_each')?['Approver/Email']};","WebhookApprovalCreationInput/enableNotifications":true,"WebhookApprovalCreationInput/enableReassignment":true},"authentication":"@parameters('$authentication')"}},"Condition_3":{"actions":{"Update_item":{"runAfter":{},"metadata":{"operationMetadataId":"6b1d0a18-3ea9-4902-a312-d161f2807229"},"type":"OpenApiConnection","inputs":{"host":{"apiId":"/providers/Microsoft.PowerApps/apis/shared_sharepointonline","connectionName":"shared_sharepointonline","operationId":"PatchItem"},"parameters":{"dataset":"https://vikadevwmreply.sharepoint.com/sites/PPDevTask_7","table":"f06bbbd5-0fc9-457a-b6ab-65d0ea8f335c","id":"@triggerOutputs()?['body/ID']","item/Amount":"@triggerOutputs()?['body/Amount']","item/Isapproved":true,"item/Brand/Value":"@triggerOutputs()?['body/Brand/Value']"},"authentication":"@parameters('$authentication')"}},"Send_an_email_(V2)":{"runAfter":{"Update_item":["Succeeded"]},"metadata":{"operationMetadataId":"80d7bd0c-74dd-4059-9c0f-1350d5cebaef"},"type":"OpenApiConnection","inputs":{"host":{"apiId":"/providers/Microsoft.PowerApps/apis/shared_office365","connectionName":"shared_office365","operationId":"SendEmailV2"},"parameters":{"emailMessage/To":"@items('Apply_to_each')?['Author/Email']","emailMessage/Subject":"Item creation","emailMessage/Body":"<p>Item has been approved</p>","emailMessage/Importance":"Normal"},"authentication":"@parameters('$authentication')"}}},"runAfter":{"Start_and_wait_for_an_approval":["Succeeded"]},"else":{"actions":{"Delete_item":{"runAfter":{},"metadata":{"operationMetadataId":"ad9f4e19-f9ef-4716-b077-217984d34189"},"type":"OpenApiConnection","inputs":{"host":{"apiId":"/providers/Microsoft.PowerApps/apis/shared_sharepointonline","connectionName":"shared_sharepointonline","operationId":"DeleteItem"},"parameters":{"dataset":"https://vikadevwmreply.sharepoint.com/sites/PPDevTask_7","table":"f06bbbd5-0fc9-457a-b6ab-65d0ea8f335c","id":"@triggerOutputs()?['body/ID']"},"authentication":"@parameters('$authentication')"}},"Send_an_email_(V2)_2":{"runAfter":{"Delete_item":["Succeeded"]},"metadata":{"operationMetadataId":"30101701-d376-4038-9ec4-0174c3cc0c9d"},"type":"OpenApiConnection","inputs":{"host":{"apiId":"/providers/Microsoft.PowerApps/apis/shared_office365","connectionName":"shared_office365","operationId":"SendEmailV2"},"parameters":{"emailMessage/To":"@items('Apply_to_each')?['Author/Email']","emailMessage/Subject":"Order Deleted","emailMessage/Body":"<p>Item not approved</p>","emailMessage/Importance":"Normal"},"authentication":"@parameters('$authentication')"}}}},"expression":{"equals":["@outputs('Start_and_wait_for_an_approval')?['body/outcome']","@string('yes')"]},"metadata":{"operationMetadataId":"0ba628f7-e248-4e9c-95c8-9603780d4f98"},"type":"If"}}},"expression":{"lessOrEquals":["@items('Apply_to_each')?['Approvalrequiredfromamount']","@triggerOutputs()?['body/Amount']"]},"metadata":{"operationMetadataId":"9d26bdb4-cb58-48eb-a9bc-9c31dc29fa51"},"type":"If"}},"runAfter":{},"expression":{"equals":["@items('Apply_to_each')?['Brand/Value']","@triggerOutputs()?['body/Brand/Value']"]},"metadata":{"operationMetadataId":"12f380fc-61c3-4e96-8b95-921a4960c451"},"type":"If"}},"runAfter":{"Get_items":["Succeeded"]},"metadata":{"operationMetadataId":"b0edfc16-b3ac-4f09-96b2-360e43d013eb"},"type":"Foreach"}},"outputs":{}},"connectionReferences":{"shared_sharepointonline":{"connectionName":"shared-sharepointonl-458549a5-e4bb-457b-8969-5e49528fab0f","source":"Embedded","id":"/providers/Microsoft.PowerApps/apis/shared_sharepointonline","tier":"NotSpecified"},"shared_approvals":{"connectionName":"shared-approvals-34617ebe-e852-4726-8724-198113489b6c","source":"Embedded","id":"/providers/Microsoft.PowerApps/apis/shared_approvals","tier":"NotSpecified"},"shared_office365":{"connectionName":"shared-office365-e798576c-5695-4471-9ab8-2d6a1f78d3be","source":"Embedded","id":"/providers/Microsoft.PowerApps/apis/shared_office365","tier":"NotSpecified"}},"flowFailureAlertSubscribed":false,"isManaged":false}}